Top pages,Clicks,Impressions,CTR,Position
https://renoregen.com/,1407,83819,1.68%,33.15
https://renoregen.com/services/,325,19184,1.69%,15.96
https://renoregen.com/services/medical-weight-loss/,209,31886,0.66%,11.99
https://renoregen.com/that-numbness-in-your-feet-when-walking-could-be-neuropathy/,187,46806,0.4%,7.28
https://renoregen.com/conditions/neuropathy/,166,9249,1.79%,16
https://renoregen.com/reno-office/,159,14019,1.13%,7.77
https://renoregen.com/about/,119,13929,0.85%,6.37
https://renoregen.com/bioidentical-hormone-optimization-therapy/,116,22178,0.52%,22.98
https://renoregen.com/conditions/pain-relief/,105,10648,0.99%,9.55
https://renoregen.com/gainswave/,62,13893,0.45%,33.68
https://renoregen.com/the-knee-that-locks-up-why-it-happens-and-how-knee-decompression-can-free-your-movement/,55,17800,0.31%,8.65
https://renoregen.com/allergy-testing/,55,11079,0.5%,21.34
https://renoregen.com/get-rid-of-mid-back-stiffness-after-whiplash-without-surgery/,53,5231,1.01%,8.55
https://renoregen.com/reviews/,36,3175,1.13%,15.49
https://renoregen.com/trigger-point-injections/,30,1693,1.77%,22.88
https://renoregen.com/conditions/hormonal-imbalance/,29,7617,0.38%,31.45
https://renoregen.com/conditions/sexual-dysfunction/,26,3976,0.65%,19.14
https://renoregen.com/joint-injections/,26,3104,0.84%,23.75
https://renoregen.com/heal-and-thrive-the-power-of-regenerative-medicine/,24,3451,0.7%,8.92
https://renoregen.com/support-groups/,22,1406,1.56%,9.88
https://renoregen.com/video-testimonials/,21,3173,0.66%,15.41
https://renoregen.com/struggling-with-dizziness-or-vertigo-physical-therapy-can-help-you-steady-yourself-in-reno/,20,903,2.21%,7.64
https://renoregen.com/spinal-decompression/,18,2388,0.75%,20.61
https://renoregen.com/careers/,18,1700,1.06%,14.54
https://renoregen.com/contact/,14,3424,0.41%,5.52
https://renoregen.com/seminars/,13,1498,0.87%,6.18
https://renoregen.com/conditions/back-pain/,9,11168,0.08%,26.18
https://renoregen.com/new-patients/,9,2673,0.34%,6.3
https://renoregen.com/unlock-your-best-self-how-regenerative-medicine-boosts-hormone-health/,8,983,0.81%,8.68
https://renoregen.com/conditions/joint-pain/,7,7851,0.09%,13.34
https://renoregen.com/why-your-knee-feels-like-its-grinding-how-knee-decompression-can-ease-annoying-joint-catching/,7,2831,0.25%,4.18
https://renoregen.com/conditions/knee-pain/,6,4251,0.14%,25.8
https://renoregen.com/conditions/,5,1987,0.25%,10.43
https://renoregen.com/mood-swings-anxiety-irritability-when-hormones-not-stress-are-the-real-problem/,4,2850,0.14%,7.17
https://renoregen.com/conditions/shoulder-pain/,4,2767,0.14%,24.74
https://renoregen.com/nutritional-ivs/,3,11922,0.03%,33.37
https://renoregen.com/signs-back-pain-needs-spinal-decompression/,3,858,0.35%,7.15
https://renoregen.com/recovering-from-surgery-why-post-operative-physical-therapy-is-the-key-to-faster-safer-healing/,3,791,0.38%,9.16
https://renoregen.com/why-your-joints-feel-stiff-every-morning-what-your-body-is-trying-to-tell-you/,2,1646,0.12%,8.7
https://renoregen.com/physical-therapy/,2,1199,0.17%,23.81
https://renoregen.com/why-youre-still-exhausted-after-8-hours-of-sleep-the-hidden-hormone-imbalance-most-people-miss/,2,876,0.23%,7.69
https://renoregen.com/contact-us/,2,839,0.24%,20.03
https://renoregen.com/chiropractic-care/,2,556,0.36%,43.66
https://renoregen.com/services/#jointinjections,2,440,0.45%,4.04
https://renoregen.com/services/#triggerpointinjections,2,433,0.46%,4.08
https://renoregen.com/backpackers-guide-sciatica-treatment-options/,2,261,0.77%,6.53
https://renoregen.com/appointments/,1,985,0.1%,9.51
https://renoregen.com/conditions/whiplash/,1,560,0.18%,9.24
https://renoregen.com/services/#physicaltherapy,1,440,0.23%,4.04
https://renoregen.com/privacy-policy/,1,277,0.36%,13.16
https://renoregen.com/what-can-we-improve/,1,206,0.49%,21.17
https://renoregen.com/from-stiff-to-strong-how-physical-therapy-in-reno-can-restore-your-mobility-after-years-of-joint-pain/,1,189,0.53%,17.79
https://renoregen.com/life-after-whiplash-when-seek-care/,1,62,1.61%,13.81
https://renoregen.com/wp-content/uploads/2021/11/Notice_of_Privacy_Practices.pdf,1,15,6.67%,46.27
https://renoregen.com/treat-your-sports-injury-with-chiropractic-care/,0,2651,0%,49.03
https://renoregen.com/conditions/neck-pain/,0,1093,0%,19.91
https://renoregen.com/accessibility/,0,919,0%,9
https://renoregen.com/how-nutritional-iv-therapy-can-combat-stress-fatigue/,0,619,0%,12.35
https://renoregen.com/blog/,0,529,0%,14.74
https://renoregen.com/do-you-suffer-from-these-symptoms-of-arthritis/,0,309,0%,7.3
https://renoregen.com/knot-your-average-pain-how-trigger-point-injections-can-relieve-chronic-muscle-tension/,0,304,0%,16.93
https://renoregen.com/after-the-fall-how-physical-therapy-in-reno-can-get-you-back-on-your-feet-safely/,0,207,0%,12.97
https://renoregen.com/rate-us/,0,137,0%,14.58
https://renoregen.com/balancing-act-how-bioidentical-hormone-therapy-can-restore-your-vitality-and-well-being/,0,112,0%,12.62
https://renoregen.com/reclaim-your-life-with-non-surgical-joint-injections-in-reno/,0,104,0%,19.81
https://renoregen.com/wp-content/uploads/2024/07/Patient-Intake-Forms-Combined-7.24.pdf,0,70,0%,5.34
https://renoregen.com/why-your-knees-hurt-more-when-going-down-stairs-what-it-means-for-your-joint-health/,0,69,0%,24.04
https://renoregen.com/sitemap/,0,67,0%,13.97
https://renoregen.com/thank-you/,0,50,0%,24.68
https://renoregen.com/category/regenerative-medicine/,0,26,0%,14.19
https://renoregen.com/why-it-happens-and-how-knee-decompression-can-free-your-movement/,0,23,0%,3
https://renoregen.com/category/uncategorized/,0,16,0%,8.25
https://renoregen.com/category/blog/,0,11,0%,9
https://renoregen.com/Accessibility/,0,4,0%,7.75
https://renoregen.com/accessibility,0,2,0%,7.5
https://renoregen.com/wp-content/uploads/2022/08/neuropathy_img.jpg,0,2,0%,18
https://renoregen.com/wp-content/uploads/2026/01/Lumii_20260130_004612231.jpg,0,2,0%,22
https://renoregen.com/wp-content/uploads/2025/08/photo-1643238232568-c67dc1ed4d5e-scaled.jpeg,0,1,0%,16
https://renoregen.com/wp-content/uploads/2022/08/jointpain_img.jpg,0,1,0%,17
https://renoregen.com/wp-content/uploads/2022/08/kneepain_img.jpg,0,1,0%,27